区分,商品コード,分類,項目,内容,採用値,掲載,価格,商品名,URL
BLOCK,amperetime-litime:10000008,ポータブル電源,容量(Wh),説明文に離れた値 1280/20480。他機種の併記の可能性があるため不明,,停止,39999,【ランキング1位】LiTime 12V 100Ah リン酸鉄リチウムイオンバッテリー グループ 31 内蔵100AのBMS 4000~15000サイクル回数 R,https://hb.afl.rakuten.co.jp/hgc/g00uc6eo.958pgb5c.g00uc6eo.958ph54c/?pc=https%3A%2F%2Fitem.rakuten.co.jp%2Famperetime-litime%2Fl12v100-100-basic-4-a100%2F&m=http%3A%2F%2Fm.rakuten.co.jp%2Famperetime-litime%2Fi%2F10000008%2F&rafcid=wsc_i_is_2fbb30e0-1140-4779-9d0c-327978269a7f
BLOCK,ecoflow:10000436,ポータブル電源,容量(Wh),商品名に複数の値 2048/4096。判別できないため不明,,停止,420420,"【クーポン利用で280,347円 10/1~】EcoFlow ポータブル電源 大容量 4096Whセット DELTA 3 Max Plus 2048Wh + 専",https://hb.afl.rakuten.co.jp/hgc/g00tzcjo.958pg2b7.g00tzcjo.958ph5dd/?pc=https%3A%2F%2Fitem.rakuten.co.jp%2Fecoflow%2Fdelta-3-max-plus-eb-set%2F&m=http%3A%2F%2Fm.rakuten.co.jp%2Fecoflow%2Fi%2F10000436%2F&rafcid=wsc_i_is_2fbb30e0-1140-4779-9d0c-327978269a7f
WARNING,jackery-japan:10000025,ポータブル電源,価格,"商品名の金額 71880円 と 取得価格 119,800円 が離れている。クーポン適用前の価格を表示している可能性",119800,掲載する,119800,"【クーポン利用で71,880円 10/4 20:00から】Jackery ポータブル電源 1000 New 1070Wh リン酸鉄 十年長寿命 定格1500W ",https://hb.afl.rakuten.co.jp/hgc/g00tgroo.958pg933.g00tgroo.958phaa2/?pc=https%3A%2F%2Fitem.rakuten.co.jp%2Fjackery-japan%2Fn-p-10001000-bkor-jk2%2F&m=http%3A%2F%2Fm.rakuten.co.jp%2Fjackery-japan%2Fi%2F10000025%2F&rafcid=wsc_i_is_2fbb30e0-1140-4779-9d0c-327978269a7f
WARNING,jackery-japan:10000000,ポータブル電源,価格,"商品名の金額 45370円 と 取得価格 69,800円 が離れている。クーポン適用前の価格を表示している可能性",69800,掲載する,69800,"【クーポン利用で45,370円 10/4 20:00から】Jackery ポータブル電源 500 New 512Wh リン酸鉄 長寿命 定格500W コンパクト",https://hb.afl.rakuten.co.jp/hgc/g00tgroo.958pg933.g00tgroo.958phaa2/?pc=https%3A%2F%2Fitem.rakuten.co.jp%2Fjackery-japan%2Fn-p-400200-bkor-jk2%2F&m=http%3A%2F%2Fm.rakuten.co.jp%2Fjackery-japan%2Fi%2F10000000%2F&rafcid=wsc_i_is_2fbb30e0-1140-4779-9d0c-327978269a7f
WARNING,ecoflow:10000264,ポータブル電源,価格,"商品名の金額 81800円 と 取得価格 160,300円 が離れている。クーポン適用前の価格を表示している可能性",160300,掲載する,160300,"【クーポン利用で81,800円 10/1~】EcoFlow ポータブル電源 ソーラーパネル セット DELTA 3 Classic 1024Wh 160W 軽量",https://hb.afl.rakuten.co.jp/hgc/g00tzcjo.958pg2b7.g00tzcjo.958ph5dd/?pc=https%3A%2F%2Fitem.rakuten.co.jp%2Fecoflow%2Fdelta-3-160%2F&m=http%3A%2F%2Fm.rakuten.co.jp%2Fecoflow%2Fi%2F10000264%2F&rafcid=wsc_i_is_2fbb30e0-1140-4779-9d0c-327978269a7f
WARNING,ecoflow:10000012,ポータブル電源,価格,"商品名の金額 115800円 と 取得価格 236,600円 が離れている。クーポン適用前の価格を表示している可能性",236600,掲載する,236600,"【クーポン利用で115,800円 10/1~】EcoFlow ポータブル電源 ソーラーパネル セット DELTA 3 Plus 1024Wh+220W/160W",https://hb.afl.rakuten.co.jp/hgc/g00tzcjo.958pg2b7.g00tzcjo.958ph5dd/?pc=https%3A%2F%2Fitem.rakuten.co.jp%2Fecoflow%2Fset%2F&m=http%3A%2F%2Fm.rakuten.co.jp%2Fecoflow%2Fi%2F10000012%2F&rafcid=wsc_i_is_2fbb30e0-1140-4779-9d0c-327978269a7f
WARNING,ecoflow:10000197,ポータブル電源,価格,"商品名の金額 159400円 と 取得価格 296,980円 が離れている。クーポン適用前の価格を表示している可能性",296980,掲載する,296980,"【クーポン利用で159,400円 10/1~】EcoFlow ポータブル電源 ソーラーパネル セット DELTA 3 Max 2048Wh+220W / 160",https://hb.afl.rakuten.co.jp/hgc/g00tzcjo.958pg2b7.g00tzcjo.958ph5dd/?pc=https%3A%2F%2Fitem.rakuten.co.jp%2Fecoflow%2Fdelta2max-220w%2F&m=http%3A%2F%2Fm.rakuten.co.jp%2Fecoflow%2Fi%2F10000197%2F&rafcid=wsc_i_is_2fbb30e0-1140-4779-9d0c-327978269a7f
WARNING,ecoflow:10000267,ポータブル電源,価格,"商品名の金額 105800円 と 取得価格 200,200円 が離れている。クーポン適用前の価格を表示している可能性",200200,掲載する,200200,"【クーポン利用で105,800円 10/1~】EcoFlow ポータブル電源 ソーラーパネル セット DELTA 3 Plus 1024Wh+160W / 16",https://hb.afl.rakuten.co.jp/hgc/g00tzcjo.958pg2b7.g00tzcjo.958ph5dd/?pc=https%3A%2F%2Fitem.rakuten.co.jp%2Fecoflow%2Fdelta-3-plus-160%2F&m=http%3A%2F%2Fm.rakuten.co.jp%2Fecoflow%2Fi%2F10000267%2F&rafcid=wsc_i_is_2fbb30e0-1140-4779-9d0c-327978269a7f
WARNING,ecoflow:10000193,ポータブル電源,価格,"商品名の金額 115290円 と 取得価格 209,980円 が離れている。クーポン適用前の価格を表示している可能性",209980,掲載する,209980,"【クーポン利用で115,290円 10/1~】EcoFlow ポータブル電源 大容量 5年保証 DELTA 3 Max 2048Wh 蓄電池 発電機 ポータブル",https://hb.afl.rakuten.co.jp/hgc/g00tzcjo.958pg2b7.g00tzcjo.958ph5dd/?pc=https%3A%2F%2Fitem.rakuten.co.jp%2Fecoflow%2Fdelta-2-max%2F&m=http%3A%2F%2Fm.rakuten.co.jp%2Fecoflow%2Fi%2F10000193%2F&rafcid=wsc_i_is_2fbb30e0-1140-4779-9d0c-327978269a7f
WARNING,heystop:10000183,ポータブル電源,価格,"商品名の金額 1000/51800円 と 取得価格 139,800円 が離れている。クーポン適用前の価格を表示している可能性",139800,掲載する,139800,"【1,000円OFFクーポン利用で51,800円！★1024Wh★防災応援】アプリ対応 FOSSiBOT F1200 1024Wh ポータブル電源 リン酸鉄 長",https://hb.afl.rakuten.co.jp/hgc/g00u0njo.958pg0c2.g00u0njo.958ph70a/?pc=https%3A%2F%2Fitem.rakuten.co.jp%2Fheystop%2Ff800%2F&m=http%3A%2F%2Fm.rakuten.co.jp%2Fheystop%2Fi%2F10000183%2F&rafcid=wsc_i_is_2fbb30e0-1140-4779-9d0c-327978269a7f
WARNING,jackery-japan:10000181,ポータブル電源,価格,"商品名の金額 92760円 と 取得価格 154,600円 が離れている。クーポン適用前の価格を表示している可能性",154600,掲載する,154600,"【クーポン利用で92,760円 10/4 20:00から】Jackery Solar Generator 1000 New サンドゴールド 1070Wh 100",https://hb.afl.rakuten.co.jp/hgc/g00tgroo.958pg933.g00tgroo.958phaa2/?pc=https%3A%2F%2Fitem.rakuten.co.jp%2Fjackery-japan%2F60-010010-jp00018%2F&m=http%3A%2F%2Fm.rakuten.co.jp%2Fjackery-japan%2Fi%2F10000181%2F&rafcid=wsc_i_is_2fbb30e0-1140-4779-9d0c-327978269a7f
WARNING,ecoflow:10000040,ポータブル電源,価格,"商品名の金額 177240円 と 取得価格 262,570円 が離れている。クーポン適用前の価格を表示している可能性",262570,掲載する,262570,"【クーポン利用で177,240円 10/1~】EcoFlow DELTA 3 Max Plus ポータブル電源 大容量 5年保証 2048Wh 蓄電池 発電機 ",https://hb.afl.rakuten.co.jp/hgc/g00tzcjo.958pg2b7.g00tzcjo.958ph5dd/?pc=https%3A%2F%2Fitem.rakuten.co.jp%2Fecoflow%2Fdeltamax%2F&m=http%3A%2F%2Fm.rakuten.co.jp%2Fecoflow%2Fi%2F10000040%2F&rafcid=wsc_i_is_2fbb30e0-1140-4779-9d0c-327978269a7f
WARNING,ecoflow:10000000,ポータブル電源,価格,"商品名の金額 87280円 と 取得価格 149,600円 が離れている。クーポン適用前の価格を表示している可能性",149600,掲載する,149600,"【クーポン利用で87,280円 10/1~】56分フル充電 EcoFlow ポータブル電源 DELTA 3 Plus 1024Wh 大容量 4000回サイクル ",https://hb.afl.rakuten.co.jp/hgc/g00tzcjo.958pg2b7.g00tzcjo.958ph5dd/?pc=https%3A%2F%2Fitem.rakuten.co.jp%2Fecoflow%2Fefdelta1300-jp%2F&m=http%3A%2F%2Fm.rakuten.co.jp%2Fecoflow%2Fi%2F10000000%2F&rafcid=wsc_i_is_2fbb30e0-1140-4779-9d0c-327978269a7f
WARNING,ecoflow:10000266,ポータブル電源,価格,"商品名の金額 89800円 と 取得価格 196,700円 が離れている。クーポン適用前の価格を表示している可能性",196700,掲載する,196700,"【クーポン利用で89,800円 10/1~】EcoFlow ポータブル電源 ソーラーパネル セット DELTA 3 Classic ( 1024Wh ) 220",https://hb.afl.rakuten.co.jp/hgc/g00tzcjo.958pg2b7.g00tzcjo.958ph5dd/?pc=https%3A%2F%2Fitem.rakuten.co.jp%2Fecoflow%2Fdelta-3-220%2F&m=http%3A%2F%2Fm.rakuten.co.jp%2Fecoflow%2Fi%2F10000266%2F&rafcid=wsc_i_is_2fbb30e0-1140-4779-9d0c-327978269a7f
WARNING,r-boom:10000273,宅配ボックス,価格,"商品名の金額 1000円 と 取得価格 15,590円 が離れている。クーポン適用前の価格を表示している可能性",15590,掲載する,15590,"★スーパーSALE1,000円OFF＆最大P100%即納★ガラス付き宅配ボックス ポスト おしゃれ 一体型 複数投函 一戸建て用 ポスト付き 宅配ロッカー 置配",https://hb.afl.rakuten.co.jp/hgc/g00ui0zo.958pg501.g00ui0zo.958ph123/?pc=https%3A%2F%2Fitem.rakuten.co.jp%2Fr-boom%2Fdlb-b%2F&m=http%3A%2F%2Fm.rakuten.co.jp%2Fr-boom%2Fi%2F10000273%2F&rafcid=wsc_i_is_2fbb30e0-1140-4779-9d0c-327978269a7f
WARNING,jackery-japan:10000161,ポータブル電源,価格,"商品名の金額 166112円 と 取得価格 286,400円 が離れている。クーポン適用前の価格を表示している可能性",286400,掲載する,286400,"【クーポン利用で166,112円 10/4 20:00から】Jackery Solar Generator 2000 New V2 2048Wh 200W ポー",https://hb.afl.rakuten.co.jp/hgc/g00tgroo.958pg933.g00tgroo.958phaa2/?pc=https%3A%2F%2Fitem.rakuten.co.jp%2Fjackery-japan%2F60-2020-jpd1d1%2F&m=http%3A%2F%2Fm.rakuten.co.jp%2Fjackery-japan%2Fi%2F10000161%2F&rafcid=wsc_i_is_2fbb30e0-1140-4779-9d0c-327978269a7f
WARNING,bluettijapan:10000209,ポータブル電源,価格,"商品名の金額 79650円 と 取得価格 177,000円 が離れている。クーポン適用前の価格を表示している可能性",177000,掲載する,177000,"【クーポン利用で79,650円 10/3から】BLUETTI ポータブル電源 ソーラーパネル セット AORA 100 V2+130W コンパクト 1024Wh",https://hb.afl.rakuten.co.jp/hgc/g00u57jo.958pg193.g00u57jo.958phfc5/?pc=https%3A%2F%2Fitem.rakuten.co.jp%2Fbluettijapan%2Fbluettijapan_aora100v2_120w_eg%2F&m=http%3A%2F%2Fm.rakuten.co.jp%2Fbluettijapan%2Fi%2F10000209%2F&rafcid=wsc_i_is_2fbb30e0-1140-4779-9d0c-327978269a7f
WARNING,ecoflow:10000092,ポータブル電源,価格,"商品名の金額 62800円 と 取得価格 109,700円 が離れている。クーポン適用前の価格を表示している可能性",109700,掲載する,109700,"【クーポン利用で62,800円 10/1~】EcoFlow ポータブル電源 DELTA 3 Classic ( 1024Wh ) 60分フル充電 4000回サイ",https://hb.afl.rakuten.co.jp/hgc/g00tzcjo.958pg2b7.g00tzcjo.958ph5dd/?pc=https%3A%2F%2Fitem.rakuten.co.jp%2Fecoflow%2Fefdeltamini-c%2F&m=http%3A%2F%2Fm.rakuten.co.jp%2Fecoflow%2Fi%2F10000092%2F&rafcid=wsc_i_is_2fbb30e0-1140-4779-9d0c-327978269a7f
WARNING,bluettijapan:10000196,ポータブル電源,価格,"商品名の金額 69900円 と 取得価格 139,800円 が離れている。クーポン適用前の価格を表示している可能性",139800,掲載する,139800,"【クーポン利用で69,900円 10/3から】BLUETTI ポータブル電源 AORA 100 V2 コンパクト 1024Wh リン酸鉄リチウム 10年長寿命 ",https://hb.afl.rakuten.co.jp/hgc/g00u57jo.958pg193.g00u57jo.958phfc5/?pc=https%3A%2F%2Fitem.rakuten.co.jp%2Fbluettijapan%2Fbluettijapan_aora100v2_eg%2F&m=http%3A%2F%2Fm.rakuten.co.jp%2Fbluettijapan%2Fi%2F10000196%2F&rafcid=wsc_i_is_2fbb30e0-1140-4779-9d0c-327978269a7f
WARNING,jackery-japan:10000106,ポータブル電源,価格,"商品名の金額 100800円 と 取得価格 168,000円 が離れている。クーポン適用前の価格を表示している可能性",168000,掲載する,168000,"【クーポン利用で100,800円 10/4 20:00から】Jackery ポータブル電源 1000 Plus 1264Wh リン酸鉄 ポタ電 大容量 1.7時",https://hb.afl.rakuten.co.jp/hgc/g00tgroo.958pg933.g00tgroo.958phaa2/?pc=https%3A%2F%2Fitem.rakuten.co.jp%2Fjackery-japan%2F21-0001-000033%2F&m=http%3A%2F%2Fm.rakuten.co.jp%2Fjackery-japan%2Fi%2F10000106%2F&rafcid=wsc_i_is_2fbb30e0-1140-4779-9d0c-327978269a7f
WARNING,bluettijapan:10000107,ポータブル電源,価格,"商品名の金額 39600円 と 取得価格 88,000円 が離れている。クーポン適用前の価格を表示している可能性",88000,掲載する,88000,"【在庫一掃 クーポン利用で39,600円】BLUETTI ポータブル電源 AC70 768Wh/1000W 大容量 家庭用 蓄電池 5年保証 リン酸鉄 長寿命 ",https://hb.afl.rakuten.co.jp/hgc/g00u57jo.958pg193.g00u57jo.958phfc5/?pc=https%3A%2F%2Fitem.rakuten.co.jp%2Fbluettijapan%2Fbluettijapan_ac70%2F&m=http%3A%2F%2Fm.rakuten.co.jp%2Fbluettijapan%2Fi%2F10000107%2F&rafcid=wsc_i_is_2fbb30e0-1140-4779-9d0c-327978269a7f
WARNING,jackery-japan:10000125,ポータブル電源,価格,"商品名の金額 67990円 と 取得価格 104,600円 が離れている。クーポン適用前の価格を表示している可能性",104600,掲載する,104600,"【クーポン利用で67,990円 10/4 20:00から】Jackery Solar Generator ポータブル電源 500 New 512Wh ソーラーパ",https://hb.afl.rakuten.co.jp/hgc/g00tgroo.958pg933.g00tgroo.958phaa2/?pc=https%3A%2F%2Fitem.rakuten.co.jp%2Fjackery-japan%2F21-0009-000094%2F&m=http%3A%2F%2Fm.rakuten.co.jp%2Fjackery-japan%2Fi%2F10000125%2F&rafcid=wsc_i_is_2fbb30e0-1140-4779-9d0c-327978269a7f
WARNING,duo88:10001282,ポータブル電源,価格,"商品名の金額 5000円 と 取得価格 37,800円 が離れている。クーポン適用前の価格を表示している可能性",37800,掲載する,37800,ワイヤレス充電【5000円クーポン! 在庫無くなり次第】ポータブル電源 大容量568WH 153600mAh 家庭用蓄電池 500W 小型発電機 防災 災害 ア,https://hb.afl.rakuten.co.jp/hgc/g00skwgo.958pgd34.g00skwgo.958ph093/?pc=https%3A%2F%2Fitem.rakuten.co.jp%2Fduo88%2F10001282%2F&m=http%3A%2F%2Fm.rakuten.co.jp%2Fduo88%2Fi%2F10001282%2F&rafcid=wsc_i_is_2fbb30e0-1140-4779-9d0c-327978269a7f
WARNING,heystop:10000144,ポータブル電源,価格,"商品名の金額 1000/89990円 と 取得価格 279,980円 が離れている。クーポン適用前の価格を表示している可能性",279980,掲載する,279980,"【1,000円OFFクーポン利用で89,990円★2048Wh+台車★】楽天1位 5部門受賞！FOSSiBOT ポータブル電源 リン酸鉄 2048Wh超大容量と",https://hb.afl.rakuten.co.jp/hgc/g00u0njo.958pg0c2.g00u0njo.958ph70a/?pc=https%3A%2F%2Fitem.rakuten.co.jp%2Fheystop%2Ff2400b%2F&m=http%3A%2F%2Fm.rakuten.co.jp%2Fheystop%2Fi%2F10000144%2F&rafcid=wsc_i_is_2fbb30e0-1140-4779-9d0c-327978269a7f
WARNING,jackery-japan:10000162,ポータブル電源,価格,"商品名の金額 129870円 と 取得価格 199,800円 が離れている。クーポン適用前の価格を表示している可能性",199800,掲載する,199800,"【クーポン利用で129,870円 10/4 20:00から】Jackery ポータブル電源 2000 New V2 2048Wh リン酸鉄 大容量 コンパクト ",https://hb.afl.rakuten.co.jp/hgc/g00tgroo.958pg933.g00tgroo.958phaa2/?pc=https%3A%2F%2Fitem.rakuten.co.jp%2Fjackery-japan%2F21-0001-000268%2F&m=http%3A%2F%2Fm.rakuten.co.jp%2Fjackery-japan%2Fi%2F10000162%2F&rafcid=wsc_i_is_2fbb30e0-1140-4779-9d0c-327978269a7f
WARNING,ecoflow:10000064,ポータブル電源,価格,"商品名の金額 204347円 と 取得価格 331,480円 が離れている。クーポン適用前の価格を表示している可能性",331480,掲載する,331480,"【クーポン利用で204,347円 10/1~】EcoFlow ポータブル電源 ソーラーパネル セット DELTA 3 Max 2048Wh+400W 長寿命 大",https://hb.afl.rakuten.co.jp/hgc/g00tzcjo.958pg2b7.g00tzcjo.958ph5dd/?pc=https%3A%2F%2Fitem.rakuten.co.jp%2Fecoflow%2Fdelta-max2000%2F&m=http%3A%2F%2Fm.rakuten.co.jp%2Fecoflow%2Fi%2F10000064%2F&rafcid=wsc_i_is_2fbb30e0-1140-4779-9d0c-327978269a7f
WARNING,jackery-japan:10000180,ポータブル電源,価格,"商品名の金額 71880円 と 取得価格 119,800円 が離れている。クーポン適用前の価格を表示している可能性",119800,掲載する,119800,"【クーポン利用で71,880円 10/4 20:00から】Jackery ポータブル電源 1000 New サンドゴールド 1070Wh リン酸鉄 十年長寿命 ",https://hb.afl.rakuten.co.jp/hgc/g00tgroo.958pg933.g00tgroo.958phaa2/?pc=https%3A%2F%2Fitem.rakuten.co.jp%2Fjackery-japan%2F21-0001-000315%2F&m=http%3A%2F%2Fm.rakuten.co.jp%2Fjackery-japan%2Fi%2F10000180%2F&rafcid=wsc_i_is_2fbb30e0-1140-4779-9d0c-327978269a7f
WARNING,bluettijapan:10000093,ポータブル電源,価格,"商品名の金額 59292円 と 取得価格 109,800円 が離れている。クーポン適用前の価格を表示している可能性",109800,掲載する,109800,"【在庫一掃 クーポン利用で59,292円】BLUETTI ポータブル電源 AC180 1152Wh 1800W/AC180 セット 60分満充電 大容量 家庭用",https://hb.afl.rakuten.co.jp/hgc/g00u57jo.958pg193.g00u57jo.958phfc5/?pc=https%3A%2F%2Fitem.rakuten.co.jp%2Fbluettijapan%2Fbluettijapan_ac180%2F&m=http%3A%2F%2Fm.rakuten.co.jp%2Fbluettijapan%2Fi%2F10000093%2F&rafcid=wsc_i_is_2fbb30e0-1140-4779-9d0c-327978269a7f
WARNING,bluettijapan:10000239,ポータブル電源,価格,"商品名の金額 161505円 と 取得価格 358,900円 が離れている。クーポン適用前の価格を表示している可能性",358900,掲載する,358900,"【クーポン利用で161,505円 10/3から】BLUETTI ポータブル電源 蓄電池 AORA 300 コンパクト 3014.4Wh 自動切替 リン酸鉄リチウ",https://hb.afl.rakuten.co.jp/hgc/g00u57jo.958pg193.g00u57jo.958phfc5/?pc=https%3A%2F%2Fitem.rakuten.co.jp%2Fbluettijapan%2Faora300-jp-gy-rktjp-00%2F&m=http%3A%2F%2Fm.rakuten.co.jp%2Fbluettijapan%2Fi%2F10000239%2F&rafcid=wsc_i_is_2fbb30e0-1140-4779-9d0c-327978269a7f
WARNING,ecoflow:10000086,ポータブル電源,価格,"商品名の金額 79800円 と 取得価格 121,500円 が離れている。クーポン適用前の価格を表示している可能性",121500,掲載する,121500,"【クーポン利用で79,800円 10/1~】EcoFlow ソーラーパネル 400W 軽量両面ソーラーパネル　充電器 太陽光発電 太陽光パネル ソーラーチャージ",https://hb.afl.rakuten.co.jp/hgc/g00tzcjo.958pg2b7.g00tzcjo.958ph5dd/?pc=https%3A%2F%2Fitem.rakuten.co.jp%2Fecoflow%2F400w%2F&m=http%3A%2F%2Fm.rakuten.co.jp%2Fecoflow%2Fi%2F10000086%2F&rafcid=wsc_i_is_2fbb30e0-1140-4779-9d0c-327978269a7f
WARNING,jackery-japan:10000223,ポータブル電源,価格,"商品名の金額 110760円 と 取得価格 184,600円 が離れている。クーポン適用前の価格を表示している可能性",184600,掲載する,184600,"【クーポン利用で110,760円 10/4 20:00から】Jackery Solar Generator 1500 New 1536Wh ポータブル電源 ソー",https://hb.afl.rakuten.co.jp/hgc/g00tgroo.958pg933.g00tgroo.958phaa2/?pc=https%3A%2F%2Fitem.rakuten.co.jp%2Fjackery-japan%2F60-150010-jp00224%2F&m=http%3A%2F%2Fm.rakuten.co.jp%2Fjackery-japan%2Fi%2F10000223%2F&rafcid=wsc_i_is_2fbb30e0-1140-4779-9d0c-327978269a7f
WARNING,jackery-japan:10000185,ポータブル電源,価格,"商品名の金額 166112円 と 取得価格 286,400円 が離れている。クーポン適用前の価格を表示している可能性",286400,掲載する,286400,"【クーポン利用で166,112円 10/4 20:00から】Jackery Solar Generator 2000 New V2 サンドゴールド 2048Wh",https://hb.afl.rakuten.co.jp/hgc/g00tgroo.958pg933.g00tgroo.958phaa2/?pc=https%3A%2F%2Fitem.rakuten.co.jp%2Fjackery-japan%2F60-200020-jp00060%2F&m=http%3A%2F%2Fm.rakuten.co.jp%2Fjackery-japan%2Fi%2F10000185%2F&rafcid=wsc_i_is_2fbb30e0-1140-4779-9d0c-327978269a7f
WARNING,bluettijapan:10000152,ポータブル電源,価格,"商品名の金額 29670円 と 取得価格 69,000円 が離れている。クーポン適用前の価格を表示している可能性",69000,掲載する,69000,"【クーポン利用で29,670円 10/3から】BLUETTI Charger 1 走行充電器 560W オルタネーターDC充電器 カーチャージャー 6倍急速充電",https://hb.afl.rakuten.co.jp/hgc/g00u57jo.958pg193.g00u57jo.958phfc5/?pc=https%3A%2F%2Fitem.rakuten.co.jp%2Fbluettijapan%2Fcg-d60l-jp-dc-rktjp-00%2F&m=http%3A%2F%2Fm.rakuten.co.jp%2Fbluettijapan%2Fi%2F10000152%2F&rafcid=wsc_i_is_2fbb30e0-1140-4779-9d0c-327978269a7f
WARNING,duo88:10001435,ポータブル電源,価格,"商品名の金額 5000円 と 取得価格 39,800円 が離れている。クーポン適用前の価格を表示している可能性",39800,掲載する,39800,ワイヤレス充電【5000円クーポン】ポータブル電源 大容量568WH 153600mAh 家庭用蓄電池 500W 小型発電機 防災 災害 アウトドア 正弦波 キ,https://hb.afl.rakuten.co.jp/hgc/g00skwgo.958pgd34.g00skwgo.958ph093/?pc=https%3A%2F%2Fitem.rakuten.co.jp%2Fduo88%2F10001435%2F&m=http%3A%2F%2Fm.rakuten.co.jp%2Fduo88%2Fi%2F10001435%2F&rafcid=wsc_i_is_2fbb30e0-1140-4779-9d0c-327978269a7f
WARNING,r-boom:10000308,宅配ボックス,価格,"商品名の金額 1000円 と 取得価格 15,590円 が離れている。クーポン適用前の価格を表示している可能性",15590,掲載する,15590,"★マラソン早割1,000円OFF★宅配ボックスガラス付き 大容量 防水 宅配box 宅配ボックス 一戸建て用 両開き 宅配ボックス 複数投函 ポスト付き宅配ロッ",https://hb.afl.rakuten.co.jp/hgc/g00ui0zo.958pg501.g00ui0zo.958ph123/?pc=https%3A%2F%2Fitem.rakuten.co.jp%2Fr-boom%2Fdlb-2%2F&m=http%3A%2F%2Fm.rakuten.co.jp%2Fr-boom%2Fi%2F10000308%2F&rafcid=wsc_i_is_2fbb30e0-1140-4779-9d0c-327978269a7f
WARNING,hikari-ya:10572007,ポータブル電源,価格,"商品名の金額 27800円 と 取得価格 44,200円 が離れている。クーポン適用前の価格を表示している可能性",44200,掲載する,44200,"[10/6まで クーポンで27,800円]アップグレード版 専用バッグ贈呈 5年保証ポータブル電源 大容量 180000mAh/576Wh モバイルバッテリー ",https://hb.afl.rakuten.co.jp/hgc/g00r55so.958pg94f.g00r55so.958ph586/?pc=https%3A%2F%2Fitem.rakuten.co.jp%2Fhikari-ya%2Fr-pps-s%2F&m=http%3A%2F%2Fm.rakuten.co.jp%2Fhikari-ya%2Fi%2F10572007%2F&rafcid=wsc_i_is_2fbb30e0-1140-4779-9d0c-327978269a7f
WARNING,bluettijapan:10000200,ポータブル電源,価格,"商品名の金額 97470円 と 取得価格 216,600円 が離れている。クーポン適用前の価格を表示している可能性",216600,掲載する,216600,"【クーポン利用で97,470円 10/3から】BLUETTI ポータブル電源 ソーラーパネル セット AORA 100 V2+220W コンパクト 1024Wh",https://hb.afl.rakuten.co.jp/hgc/g00u57jo.958pg193.g00u57jo.958phfc5/?pc=https%3A%2F%2Fitem.rakuten.co.jp%2Fbluettijapan%2Fbluettijapan_aora100v2_200w_eg%2F&m=http%3A%2F%2Fm.rakuten.co.jp%2Fbluettijapan%2Fi%2F10000200%2F&rafcid=wsc_i_is_2fbb30e0-1140-4779-9d0c-327978269a7f
WARNING,jackery-japan:10000241,ポータブル電源,価格,"商品名の金額 110760円 と 取得価格 184,600円 が離れている。クーポン適用前の価格を表示している可能性",184600,掲載する,184600,"【クーポン利用で110,760円 10/4 20:00から】Jackery Solar Generator 1500 New 1536Wh ポータブル電源 ソー",https://hb.afl.rakuten.co.jp/hgc/g00tgroo.958pg933.g00tgroo.958phaa2/?pc=https%3A%2F%2Fitem.rakuten.co.jp%2Fjackery-japan%2F60-150010-jp00458%2F&m=http%3A%2F%2Fm.rakuten.co.jp%2Fjackery-japan%2Fi%2F10000241%2F&rafcid=wsc_i_is_2fbb30e0-1140-4779-9d0c-327978269a7f
WARNING,bluettijapan:10000006,ポータブル電源,価格,"商品名の金額 29380円 と 取得価格 45,200円 が離れている。クーポン適用前の価格を表示している可能性",45200,掲載する,45200,"【クーポン利用で29,380円 10/3から】BLUETTI ソーラーパネル 130W ソーラー充電器 太陽光発電 太陽光パネル 最新型ETFEソーラーチャージ",https://hb.afl.rakuten.co.jp/hgc/g00u57jo.958pg193.g00u57jo.958phfc5/?pc=https%3A%2F%2Fitem.rakuten.co.jp%2Fbluettijapan%2Fbluettijapan_pv120%2F&m=http%3A%2F%2Fm.rakuten.co.jp%2Fbluettijapan%2Fi%2F10000006%2F&rafcid=wsc_i_is_2fbb30e0-1140-4779-9d0c-327978269a7f
WARNING,iikakakustore:10001072,ポータブル電源,価格,"商品名の金額 2000円 と 取得価格 57,800円 が離れている。クーポン適用前の価格を表示している可能性",57800,掲載する,57800,＼SALE限定! 最大2000円OFFクーポン／【整備済品】EcoFlow DELTA 3 Plus ポータブル電源 1024Wh 業界最速級の充電速度 56分,https://hb.afl.rakuten.co.jp/hgc/g00u90ko.958pga9e.g00u90ko.958ph7e8/?pc=https%3A%2F%2Fitem.rakuten.co.jp%2Fiikakakustore%2F3405-000689%2F&m=http%3A%2F%2Fm.rakuten.co.jp%2Fiikakakustore%2Fi%2F10001072%2F&rafcid=wsc_i_is_2fbb30e0-1140-4779-9d0c-327978269a7f
WARNING,comodocasa:10003742,宅配ボックス,価格,"商品名の金額 1000円 と 取得価格 17,820円 が離れている。クーポン適用前の価格を表示している可能性",17820,掲載する,17820,[最大1000円OFFクーポン配布中] 宅配ボックス付きポスト 2段 大容量 宅配ボックス ポスト 一体型 Gioele ジョエレ 郵便ポスト 置き配 受取不要,https://hb.afl.rakuten.co.jp/hgc/g00u9ryo.958pgf11.g00u9ryo.958ph5cb/?pc=https%3A%2F%2Fitem.rakuten.co.jp%2Fcomodocasa%2F267-gioele%2F&m=http%3A%2F%2Fm.rakuten.co.jp%2Fcomodocasa%2Fi%2F10003742%2F&rafcid=wsc_i_is_2fbb30e0-1140-4779-9d0c-327978269a7f
WARNING,bluettijapan:10000005,ポータブル電源,価格,"商品名の金額 49920円 と 取得価格 76,800円 が離れている。クーポン適用前の価格を表示している可能性",76800,掲載する,76800,"【クーポン利用で49,920円 10/3から】BLUETTI SORA 220 220Wソーラーパネル ソーラー充電器 太陽光発電 太陽光パネル 最新型ETFE",https://hb.afl.rakuten.co.jp/hgc/g00u57jo.958pg193.g00u57jo.958phfc5/?pc=https%3A%2F%2Fitem.rakuten.co.jp%2Fbluettijapan%2Fbluettijapan_pv200%2F&m=http%3A%2F%2Fm.rakuten.co.jp%2Fbluettijapan%2Fi%2F10000005%2F&rafcid=wsc_i_is_2fbb30e0-1140-4779-9d0c-327978269a7f
WARNING,jackery-japan:10000168,ポータブル電源,価格,"商品名の金額 113940円 と 取得価格 189,900円 が離れている。クーポン適用前の価格を表示している可能性",189900,掲載する,189900,"【クーポン利用で113,940円 10/4 20:00から】Jackery Solar Generator 1000 New 1070Wh 200W ポータブル",https://hb.afl.rakuten.co.jp/hgc/g00tgroo.958pg933.g00tgroo.958phaa2/?pc=https%3A%2F%2Fitem.rakuten.co.jp%2Fjackery-japan%2F60-0820-jpb1d1%2F&m=http%3A%2F%2Fm.rakuten.co.jp%2Fjackery-japan%2Fi%2F10000168%2F&rafcid=wsc_i_is_2fbb30e0-1140-4779-9d0c-327978269a7f
WARNING,bluettijapan:10000199,ポータブル電源,価格,"商品名の金額 39520円 と 取得価格 60,800円 が離れている。クーポン適用前の価格を表示している可能性",60800,掲載する,60800,"【クーポン利用で39,520円 10/3から】BLUETTI ポータブル電源 ソーラーパネル セット AORA 30 V2+60W 288Wh リン酸鉄リチウム",https://hb.afl.rakuten.co.jp/hgc/g00u57jo.958pg193.g00u57jo.958phfc5/?pc=https%3A%2F%2Fitem.rakuten.co.jp%2Fbluettijapan%2Fbluettijapan_aora30v2_60w_eg%2F&m=http%3A%2F%2Fm.rakuten.co.jp%2Fbluettijapan%2Fi%2F10000199%2F&rafcid=wsc_i_is_2fbb30e0-1140-4779-9d0c-327978269a7f
WARNING,jackery-japan:10000240,ポータブル電源,価格,"商品名の金額 94374円 と 取得価格 149,800円 が離れている。クーポン適用前の価格を表示している可能性",149800,掲載する,149800,【クーポン利用で94374円 10/4 20:00から】Jackery ポータブル電源 1500 New サンドゴールド 1536Wh リン酸鉄 十年長寿命 定,https://hb.afl.rakuten.co.jp/hgc/g00tgroo.958pg933.g00tgroo.958phaa2/?pc=https%3A%2F%2Fitem.rakuten.co.jp%2Fjackery-japan%2F21-0001-000458%2F&m=http%3A%2F%2Fm.rakuten.co.jp%2Fjackery-japan%2Fi%2F10000240%2F&rafcid=wsc_i_is_2fbb30e0-1140-4779-9d0c-327978269a7f
WARNING,bluettijapan:10000241,ポータブル電源,価格,"商品名の金額 229905円 と 取得価格 510,900円 が離れている。クーポン適用前の価格を表示している可能性",510900,掲載する,510900,"【クーポン利用で229,905円 10/3から】BLUETTI ポータブル電源 AORA 300+SORA 500 セット コンパクト 3014.4Wh 自動切",https://hb.afl.rakuten.co.jp/hgc/g00u57jo.958pg193.g00u57jo.958phfc5/?pc=https%3A%2F%2Fitem.rakuten.co.jp%2Fbluettijapan%2Faora300-2-02-rktjp-00%2F&m=http%3A%2F%2Fm.rakuten.co.jp%2Fbluettijapan%2Fi%2F10000241%2F&rafcid=wsc_i_is_2fbb30e0-1140-4779-9d0c-327978269a7f
WARNING,ecoflow:10000328,ポータブル電源,価格,"商品名の金額 83990円 と 取得価格 196,020円 が離れている。クーポン適用前の価格を表示している可能性",196020,掲載する,196020,"【クーポン利用で83,990円 10/1~】EcoFlow ポータブル電源 DELTA 3 1500 1536Wh 90分で満充電 3000回サイクル 長寿命 ",https://hb.afl.rakuten.co.jp/hgc/g00tzcjo.958pg2b7.g00tzcjo.958ph5dd/?pc=https%3A%2F%2Fitem.rakuten.co.jp%2Fecoflow%2Fefdelta31500%2F&m=http%3A%2F%2Fm.rakuten.co.jp%2Fecoflow%2Fi%2F10000328%2F&rafcid=wsc_i_is_2fbb30e0-1140-4779-9d0c-327978269a7f
WARNING,jackery-japan:10000186,ポータブル電源,価格,"商品名の金額 129870円 と 取得価格 199,800円 が離れている。クーポン適用前の価格を表示している可能性",199800,掲載する,199800,"【クーポン利用で129,870円 10/4 20:00から】Jackery ポータブル電源 2000 New V2 2048Wh サンドゴールド リン酸鉄 大容",https://hb.afl.rakuten.co.jp/hgc/g00tgroo.958pg933.g00tgroo.958phaa2/?pc=https%3A%2F%2Fitem.rakuten.co.jp%2Fjackery-japan%2F21-0001-000339%2F&m=http%3A%2F%2Fm.rakuten.co.jp%2Fjackery-japan%2Fi%2F10000186%2F&rafcid=wsc_i_is_2fbb30e0-1140-4779-9d0c-327978269a7f
WARNING,e-techpowershop:10000032,ポータブル電源,価格,"商品名の金額 5000円 と 取得価格 64,900円 が離れている。クーポン適用前の価格を表示している可能性",64900,掲載する,64900,"【5,000円OFFクーポン配布中】EENOUR 2way 発電機 ガスボンベ式 発電機 ガソリン 発電機 700W/1800W インバーター 発電機 家庭用 ",https://hb.afl.rakuten.co.jp/hgc/g00umo0o.958pge63.g00umo0o.958phfab/?pc=https%3A%2F%2Fitem.rakuten.co.jp%2Fe-techpowershop%2F1810322001%2F&m=http%3A%2F%2Fm.rakuten.co.jp%2Fe-techpowershop%2Fi%2F10000032%2F&rafcid=wsc_i_is_2fbb30e0-1140-4779-9d0c-327978269a7f
WARNING,lovleopstore:10000076,ポータブル電源,価格,"商品名の金額 99995円 と 取得価格 199,990円 が離れている。クーポン適用前の価格を表示している可能性",199990,掲載する,199990,【本日迄クーポン利用で99995円~】aferiy haven2800 ポータブル電源 拡張可能 ポタ電 2000wh ポータブル電源 防災 大容量 2800W,https://hb.afl.rakuten.co.jp/hgc/g00u9v8o.958pg190.g00u9v8o.958pha70/?pc=https%3A%2F%2Fitem.rakuten.co.jp%2Flovleopstore%2Faf-p280%2F&m=http%3A%2F%2Fm.rakuten.co.jp%2Flovleopstore%2Fi%2F10000076%2F&rafcid=wsc_i_is_2fbb30e0-1140-4779-9d0c-327978269a7f
WARNING,jackery-japan:10000178,ポータブル電源,価格,"商品名の金額 230472円 と 取得価格 426,800円 が離れている。クーポン適用前の価格を表示している可能性",426800,掲載する,426800,"【クーポン利用で230,472円 10/4 20:00から】Jackery Solar Generator 3000 New 3072Wh 200W 専用キャリ",https://hb.afl.rakuten.co.jp/hgc/g00tgroo.958pg933.g00tgroo.958phaa2/?pc=https%3A%2F%2Fitem.rakuten.co.jp%2Fjackery-japan%2F60-300020-jp00028%2F&m=http%3A%2F%2Fm.rakuten.co.jp%2Fjackery-japan%2Fi%2F10000178%2F&rafcid=wsc_i_is_2fbb30e0-1140-4779-9d0c-327978269a7f
WARNING,jackery-japan:10000222,ポータブル電源,価格,"商品名の金額 141840円 と 取得価格 236,400円 が離れている。クーポン適用前の価格を表示している可能性",236400,掲載する,236400,"【クーポン利用で141,840円 10/4 20:00から】Jackery Solar Generator 1500 New 1536Wh ポータブル電源 ソー",https://hb.afl.rakuten.co.jp/hgc/g00tgroo.958pg933.g00tgroo.958phaa2/?pc=https%3A%2F%2Fitem.rakuten.co.jp%2Fjackery-japan%2F60-150020-jp00223%2F&m=http%3A%2F%2Fm.rakuten.co.jp%2Fjackery-japan%2Fi%2F10000222%2F&rafcid=wsc_i_is_2fbb30e0-1140-4779-9d0c-327978269a7f
WARNING,hikari-ya:10572020,ポータブル電源,価格,"商品名の金額 27300円 と 取得価格 43,700円 が離れている。クーポン適用前の価格を表示している可能性",43700,掲載する,43700,"[10/6まで クーポンで27,300円]アップグレード版 5年保証ポータブル電源 大容量 180000mAh/576Wh モバイルバッテリー リン酸鉄 急速充",https://hb.afl.rakuten.co.jp/hgc/g00r55so.958pg94f.g00r55so.958ph586/?pc=https%3A%2F%2Fitem.rakuten.co.jp%2Fhikari-ya%2Fppss%2F&m=http%3A%2F%2Fm.rakuten.co.jp%2Fhikari-ya%2Fi%2F10572020%2F&rafcid=wsc_i_is_2fbb30e0-1140-4779-9d0c-327978269a7f
WARNING,ecoflow:10000287,ポータブル電源,価格,"商品名の金額 91000円 と 取得価格 182,499円 が離れている。クーポン適用前の価格を表示している可能性",182499,掲載する,182499,"【クーポン利用で91,000円 10/1~】EcoFlow ポータブル電源 DELTA 3 CLASSIC+走行充電器Alternator Charger 60",https://hb.afl.rakuten.co.jp/hgc/g00tzcjo.958pg2b7.g00tzcjo.958ph5dd/?pc=https%3A%2F%2Fitem.rakuten.co.jp%2Fecoflow%2Falternatorcharger-d3%2F&m=http%3A%2F%2Fm.rakuten.co.jp%2Fecoflow%2Fi%2F10000287%2F&rafcid=wsc_i_is_2fbb30e0-1140-4779-9d0c-327978269a7f
WARNING,jackery-japan:10000175,ポータブル電源,価格,"商品名の金額 225072円 と 取得価格 416,800円 が離れている。クーポン適用前の価格を表示している可能性",416800,掲載する,416800,"【クーポン利用で225,072円 10/4 20:00から】Jackery Solar Generator 3000 New 3072Wh 200W ポータブル",https://hb.afl.rakuten.co.jp/hgc/g00tgroo.958pg933.g00tgroo.958phaa2/?pc=https%3A%2F%2Fitem.rakuten.co.jp%2Fjackery-japan%2F60-300020-jp00026%2F&m=http%3A%2F%2Fm.rakuten.co.jp%2Fjackery-japan%2Fi%2F10000175%2F&rafcid=wsc_i_is_2fbb30e0-1140-4779-9d0c-327978269a7f
WARNING,jackery-japan:10000259,ポータブル電源,価格,"商品名の金額 166112円 と 取得価格 286,400円 が離れている。クーポン適用前の価格を表示している可能性",286400,掲載する,286400,"【クーポン利用で166,112円 10/4 20:00から】Jackery Solar Generator 2000 New V2 パールホワイト 2048Wh",https://hb.afl.rakuten.co.jp/hgc/g00tgroo.958pg933.g00tgroo.958phaa2/?pc=https%3A%2F%2Fitem.rakuten.co.jp%2Fjackery-japan%2F60-200020-jp00495%2F&m=http%3A%2F%2Fm.rakuten.co.jp%2Fjackery-japan%2Fi%2F10000259%2F&rafcid=wsc_i_is_2fbb30e0-1140-4779-9d0c-327978269a7f
WARNING,ecoflow:10000215,ポータブル電源,価格,"商品名の金額 119800円 と 取得価格 195,690円 が離れている。クーポン適用前の価格を表示している可能性",195690,掲載する,195690,"【クーポン利用で119,800円 10/1~】EcoFlow ポータブル電源 ソーラーパネル セット DELTA 3 2000 Air 1,920Wh+160W",https://hb.afl.rakuten.co.jp/hgc/g00tzcjo.958pg2b7.g00tzcjo.958ph5dd/?pc=https%3A%2F%2Fitem.rakuten.co.jp%2Fecoflow%2Fdelta-2-max-c%2F&m=http%3A%2F%2Fm.rakuten.co.jp%2Fecoflow%2Fi%2F10000215%2F&rafcid=wsc_i_is_2fbb30e0-1140-4779-9d0c-327978269a7f
WARNING,ecoflow:10000457,ポータブル電源,価格,"商品名の金額 81800円 と 取得価格 160,300円 が離れている。クーポン適用前の価格を表示している可能性",160300,掲載する,160300,"【クーポン利用で81,800円 10/1~】EcoFlow ポータブル電源 ソーラーパネル セット DELTA 3 Classic 1024Wh 160W 60",https://hb.afl.rakuten.co.jp/hgc/g00tzcjo.958pg2b7.g00tzcjo.958ph5dd/?pc=https%3A%2F%2Fitem.rakuten.co.jp%2Fecoflow%2Fdelta-3-classic-160%2F&m=http%3A%2F%2Fm.rakuten.co.jp%2Fecoflow%2Fi%2F10000457%2F&rafcid=wsc_i_is_2fbb30e0-1140-4779-9d0c-327978269a7f
WARNING,jackery-japan:10000242,ポータブル電源,価格,"商品名の金額 141840円 と 取得価格 236,400円 が離れている。クーポン適用前の価格を表示している可能性",236400,掲載する,236400,"【クーポン利用で141,840円 10/4 20:00から】Jackery Solar Generator 1500 New 1536Wh ポータブル電源 ソー",https://hb.afl.rakuten.co.jp/hgc/g00tgroo.958pg933.g00tgroo.958phaa2/?pc=https%3A%2F%2Fitem.rakuten.co.jp%2Fjackery-japan%2F60-150020-jp00459%2F&m=http%3A%2F%2Fm.rakuten.co.jp%2Fjackery-japan%2Fi%2F10000242%2F&rafcid=wsc_i_is_2fbb30e0-1140-4779-9d0c-327978269a7f
WARNING,excitech:10000406,宅配ボックス,価格,"商品名の金額 4000円 と 取得価格 27,990円 が離れている。クーポン適用前の価格を表示している可能性",27990,掲載する,27990,【クーポン配布中★4000円OFF】 宅配ボックス 【レビュー特典あり★一級建築士監修】 EXCITECH エキサイテック (複数投函可能・大容量 130L) ,https://hb.afl.rakuten.co.jp/hgc/g00stveo.958pg8ab.g00stveo.958ph932/?pc=https%3A%2F%2Fitem.rakuten.co.jp%2Fexcitech%2Fexci-delbox-001%2F&m=http%3A%2F%2Fm.rakuten.co.jp%2Fexcitech%2Fi%2F10000406%2F&rafcid=wsc_i_is_2fbb30e0-1140-4779-9d0c-327978269a7f
WARNING,bluettijapan:10000208,ポータブル電源,価格,"商品名の金額 78435円 と 取得価格 174,300円 が離れている。クーポン適用前の価格を表示している可能性",174300,掲載する,174300,"【クーポン利用で78,435円 10/3から】BLUETTI ポータブル電源 ソーラーパネル セット AORA 100 V2+100W コンパクト 1024Wh",https://hb.afl.rakuten.co.jp/hgc/g00u57jo.958pg193.g00u57jo.958phfc5/?pc=https%3A%2F%2Fitem.rakuten.co.jp%2Fbluettijapan%2Fbluettijapan_aora100v2_100w_eg%2F&m=http%3A%2F%2Fm.rakuten.co.jp%2Fbluettijapan%2Fi%2F10000208%2F&rafcid=wsc_i_is_2fbb30e0-1140-4779-9d0c-327978269a7f
WARNING,e-techpowershop:10000134,ポータブル電源,価格,"商品名の金額 99990円 と 取得価格 259,990円 が離れている。クーポン適用前の価格を表示している可能性",259990,掲載する,259990,"【限定クーポン利用で99,990円】進化版・APP対応 EENOUR イーノウ P2001PLUS ポータブル電源 2400W 2048Wh リン酸鉄 AC入力",https://hb.afl.rakuten.co.jp/hgc/g00umo0o.958pge63.g00umo0o.958phfab/?pc=https%3A%2F%2Fitem.rakuten.co.jp%2Fe-techpowershop%2F1791201001%2F&m=http%3A%2F%2Fm.rakuten.co.jp%2Fe-techpowershop%2Fi%2F10000134%2F&rafcid=wsc_i_is_2fbb30e0-1140-4779-9d0c-327978269a7f
WARNING,jackery-japan:10000270,ポータブル電源,価格,"商品名の金額 95542円 と 取得価格 142,600円 が離れている。クーポン適用前の価格を表示している可能性",142600,掲載する,142600,"【クーポン利用で最低95,542円 10/4 20:00から】Jackery Solar Generator ポータブル電源 1000New V3 パールホワイ",https://hb.afl.rakuten.co.jp/hgc/g00tgroo.958pg933.g00tgroo.958phaa2/?pc=https%3A%2F%2Fitem.rakuten.co.jp%2Fjackery-japan%2F60-100010-jp00540%2F&m=http%3A%2F%2Fm.rakuten.co.jp%2Fjackery-japan%2Fi%2F10000270%2F&rafcid=wsc_i_is_2fbb30e0-1140-4779-9d0c-327978269a7f
WARNING,ecoflow:10000476,ポータブル電源,価格,"商品名の金額 36575円 と 取得価格 72,800円 が離れている。クーポン適用前の価格を表示している可能性",72800,掲載する,72800,"【クーポン利用で36,575円 10/1~】EcoFlow Alternator Charger 600 走行充電器 600W カーチャージャー バッテリー充電",https://hb.afl.rakuten.co.jp/hgc/g00tzcjo.958pg2b7.g00tzcjo.958ph5dd/?pc=https%3A%2F%2Fitem.rakuten.co.jp%2Fecoflow%2F600alternatorcharger%2F&m=http%3A%2F%2Fm.rakuten.co.jp%2Fecoflow%2Fi%2F10000476%2F&rafcid=wsc_i_is_2fbb30e0-1140-4779-9d0c-327978269a7f
WARNING,ecoflow:10000437,ポータブル電源,価格,"商品名の金額 193800円 と 取得価格 365,170円 が離れている。クーポン適用前の価格を表示している可能性",365170,掲載する,365170,"【クーポン利用で193,800円 10/1~】EcoFlow ポータブル電源 DELTA 3 Max Plus + 走行充電器 Alternator Charg",https://hb.afl.rakuten.co.jp/hgc/g00tzcjo.958pg2b7.g00tzcjo.958ph5dd/?pc=https%3A%2F%2Fitem.rakuten.co.jp%2Fecoflow%2Fdelta-3-max-plus-800walt%2F&m=http%3A%2F%2Fm.rakuten.co.jp%2Fecoflow%2Fi%2F10000437%2F&rafcid=wsc_i_is_2fbb30e0-1140-4779-9d0c-327978269a7f
WARNING,bluettijapan:10000016,ポータブル電源,価格,"商品名の金額 137970円 と 取得価格 306,600円 が離れている。クーポン適用前の価格を表示している可能性",306600,掲載する,306600,"【クーポン利用で137,970円 10/3から】BLUETTI ポータブル電源 蓄電池 B300K 大容量 家庭用 2764.8Wh ソーラーパネル 増設バッテ",https://hb.afl.rakuten.co.jp/hgc/g00u57jo.958pg193.g00u57jo.958phfc5/?pc=https%3A%2F%2Fitem.rakuten.co.jp%2Fbluettijapan%2Fbluettijapan_b300%2F&m=http%3A%2F%2Fm.rakuten.co.jp%2Fbluettijapan%2Fi%2F10000016%2F&rafcid=wsc_i_is_2fbb30e0-1140-4779-9d0c-327978269a7f
WARNING,jackery-japan:10000170,ポータブル電源,価格,"商品名の金額 175110円 と 取得価格 269,400円 が離れている。クーポン適用前の価格を表示している可能性",269400,掲載する,269400,"【クーポン利用で175,110円 10/4 20:00から】Jackery Solar Generator 2000 New V2 2048Wh 100W*2 ",https://hb.afl.rakuten.co.jp/hgc/g00tgroo.958pg933.g00tgroo.958phaa2/?pc=https%3A%2F%2Fitem.rakuten.co.jp%2Fjackery-japan%2F60-2010-jpc1f2%2F&m=http%3A%2F%2Fm.rakuten.co.jp%2Fjackery-japan%2Fi%2F10000170%2F&rafcid=wsc_i_is_2fbb30e0-1140-4779-9d0c-327978269a7f
WARNING,bluettijapan:10000248,ポータブル電源,価格,"商品名の金額 54208円 と 取得価格 96,800円 が離れている。クーポン適用前の価格を表示している可能性",96800,掲載する,96800,"【クーポン利用で54,208円 10/1迄】BLUETTI ポータブル電源 AORA 100 mini 1004.8Wh 700W リン酸鉄リチウム コンパクト",https://hb.afl.rakuten.co.jp/hgc/g00u57jo.958pg193.g00u57jo.958phfc5/?pc=https%3A%2F%2Fitem.rakuten.co.jp%2Fbluettijapan%2Fbluettijapan_aora100mini%2F&m=http%3A%2F%2Fm.rakuten.co.jp%2Fbluettijapan%2Fi%2F10000248%2F&rafcid=wsc_i_is_2fbb30e0-1140-4779-9d0c-327978269a7f
WARNING,ecoflow:10000433,ポータブル電源,価格,"商品名の金額 209200円 と 取得価格 349,570円 が離れている。クーポン適用前の価格を表示している可能性",349570,掲載する,349570,"【クーポン利用で209,200円 10/1~】EcoFlow ポータブル電源 ソーラーパネル セット DELTA 3 Max Plus+220W 軽量両面ソーラ",https://hb.afl.rakuten.co.jp/hgc/g00tzcjo.958pg2b7.g00tzcjo.958ph5dd/?pc=https%3A%2F%2Fitem.rakuten.co.jp%2Fecoflow%2Fdelta-3-max-plus-220%2F&m=http%3A%2F%2Fm.rakuten.co.jp%2Fecoflow%2Fi%2F10000433%2F&rafcid=wsc_i_is_2fbb30e0-1140-4779-9d0c-327978269a7f
WARNING,jackery-japan:10000267,ポータブル電源,価格,"商品名の金額 95542円 と 取得価格 142,600円 が離れている。クーポン適用前の価格を表示している可能性",142600,掲載する,142600,"【クーポン利用で最低95,542円 10/4 20:00から】Jackery Solar Generator ポータブル電源 ソーラーパネル セット 1000N",https://hb.afl.rakuten.co.jp/hgc/g00tgroo.958pg933.g00tgroo.958phaa2/?pc=https%3A%2F%2Fitem.rakuten.co.jp%2Fjackery-japan%2F60-100010-jp00537%2F&m=http%3A%2F%2Fm.rakuten.co.jp%2Fjackery-japan%2Fi%2F10000267%2F&rafcid=wsc_i_is_2fbb30e0-1140-4779-9d0c-327978269a7f
WARNING,bluettijapan:10000156,ポータブル電源,価格,"商品名の金額 141660円 と 取得価格 314,800円 が離れている。クーポン適用前の価格を表示している可能性",314800,掲載する,314800,"【クーポン利用で141,660円 10/3から】BLUETTI ポータブル電源 ソーラーパネル セット AORA 200（旧Elite 200 V2）+220W",https://hb.afl.rakuten.co.jp/hgc/g00u57jo.958pg193.g00u57jo.958phfc5/?pc=https%3A%2F%2Fitem.rakuten.co.jp%2Fbluettijapan%2Fel200v2-200w-rktjp-00%2F&m=http%3A%2F%2Fm.rakuten.co.jp%2Fbluettijapan%2Fi%2F10000156%2F&rafcid=wsc_i_is_2fbb30e0-1140-4779-9d0c-327978269a7f
WARNING,r-boom:10000307,宅配ボックス,価格,"商品名の金額 1000円 と 取得価格 16,990円 が離れている。クーポン適用前の価格を表示している可能性",16990,掲載する,16990,"★スーパーSALE限定クーポン1,000円OFF★郵便ポスト 宅配ボックス 一戸建て用 両開き 宅配ボックス 複数投函 ポスト付き宅配ロッカー ポスト宅配ポスト",https://hb.afl.rakuten.co.jp/hgc/g00ui0zo.958pg501.g00ui0zo.958ph123/?pc=https%3A%2F%2Fitem.rakuten.co.jp%2Fr-boom%2Fdlb-1%2F&m=http%3A%2F%2Fm.rakuten.co.jp%2Fr-boom%2Fi%2F10000307%2F&rafcid=wsc_i_is_2fbb30e0-1140-4779-9d0c-327978269a7f
WARNING,ecoflow:10000455,ポータブル電源,価格,"商品名の金額 62800円 と 取得価格 109,700円 が離れている。クーポン適用前の価格を表示している可能性",109700,掲載する,109700,"【クーポン利用で62,800円 10/1~】EcoFlow ポータブル電源 DELTA 3 Classic ( 1024Wh ) 60分フル充電 4000回サイ",https://hb.afl.rakuten.co.jp/hgc/g00tzcjo.958pg2b7.g00tzcjo.958ph5dd/?pc=https%3A%2F%2Fitem.rakuten.co.jp%2Fecoflow%2Fdelta-3-classic%2F&m=http%3A%2F%2Fm.rakuten.co.jp%2Fecoflow%2Fi%2F10000455%2F&rafcid=wsc_i_is_2fbb30e0-1140-4779-9d0c-327978269a7f
WARNING,bluettijapan:10000249,ポータブル電源,価格,"商品名の金額 73528円 と 取得価格 131,300円 が離れている。クーポン適用前の価格を表示している可能性",131300,掲載する,131300,"【クーポン利用で73,528円 10/3から】BLUETTI AORA 100 mini+100W ポータブル電源 ソーラーパネル セット 1004.8Wh 7",https://hb.afl.rakuten.co.jp/hgc/g00u57jo.958pg193.g00u57jo.958phfc5/?pc=https%3A%2F%2Fitem.rakuten.co.jp%2Fbluettijapan%2Fbluettijapan_aora100mini-100w%2F&m=http%3A%2F%2Fm.rakuten.co.jp%2Fbluettijapan%2Fi%2F10000249%2F&rafcid=wsc_i_is_2fbb30e0-1140-4779-9d0c-327978269a7f
WARNING,ecoflow:10000438,ポータブル電源,価格,"商品名の金額 149430円 と 取得価格 282,780円 が離れている。クーポン適用前の価格を表示している可能性",282780,掲載する,282780,"【クーポン利用で149,430円 10/1~】EcoFlow ポータブル電源 DELTA 3 Max+走行充電器 Alternator Charger 600W",https://hb.afl.rakuten.co.jp/hgc/g00tzcjo.958pg2b7.g00tzcjo.958ph5dd/?pc=https%3A%2F%2Fitem.rakuten.co.jp%2Fecoflow%2Falternatorcharger-d3m%2F&m=http%3A%2F%2Fm.rakuten.co.jp%2Fecoflow%2Fi%2F10000438%2F&rafcid=wsc_i_is_2fbb30e0-1140-4779-9d0c-327978269a7f
WARNING,miki-tomo:10001054,宅配ボックス,価格,"商品名の金額 2000円 と 取得価格 18,980円 が離れている。クーポン適用前の価格を表示している可能性",18980,掲載する,18980,【SS限定！2000円OFF⇒16980】【1年保証】RAKU 宅配ボックス 大型 135L ポスト一体型 鍵付き 複数投函 両開き 大容量 置き型 一戸建て用,https://hb.afl.rakuten.co.jp/hgc/g00u12to.958pg0e0.g00u12to.958ph8e6/?pc=https%3A%2F%2Fitem.rakuten.co.jp%2Fmiki-tomo%2Fck1606-ck608%2F&m=http%3A%2F%2Fm.rakuten.co.jp%2Fmiki-tomo%2Fi%2F10001054%2F&rafcid=wsc_i_is_2fbb30e0-1140-4779-9d0c-327978269a7f
WARNING,ecoflow:10000436,ポータブル電源,価格,"商品名の金額 280347円 と 取得価格 420,420円 が離れている。クーポン適用前の価格を表示している可能性",420420,停止,420420,"【クーポン利用で280,347円 10/1~】EcoFlow ポータブル電源 大容量 4096Whセット DELTA 3 Max Plus 2048Wh + 専",https://hb.afl.rakuten.co.jp/hgc/g00tzcjo.958pg2b7.g00tzcjo.958ph5dd/?pc=https%3A%2F%2Fitem.rakuten.co.jp%2Fecoflow%2Fdelta-3-max-plus-eb-set%2F&m=http%3A%2F%2Fm.rakuten.co.jp%2Fecoflow%2Fi%2F10000436%2F&rafcid=wsc_i_is_2fbb30e0-1140-4779-9d0c-327978269a7f
WARNING,jackery-japan:10000258,ポータブル電源,価格,"商品名の金額 129870円 と 取得価格 199,800円 が離れている。クーポン適用前の価格を表示している可能性",199800,掲載する,199800,"【クーポン利用で129,870円 10/4 20:00から】Jackery ポータブル電源 2000 New V2 2048Wh パールホワイト リン酸鉄 大容",https://hb.afl.rakuten.co.jp/hgc/g00tgroo.958pg933.g00tgroo.958phaa2/?pc=https%3A%2F%2Fitem.rakuten.co.jp%2Fjackery-japan%2F21-0001-000489%2F&m=http%3A%2F%2Fm.rakuten.co.jp%2Fjackery-japan%2Fi%2F10000258%2F&rafcid=wsc_i_is_2fbb30e0-1140-4779-9d0c-327978269a7f
WARNING,ecoflow:10000500,ポータブル電源,価格,"商品名の金額 139254円 と 取得価格 232,090円 が離れている。クーポン適用前の価格を表示している可能性",232090,掲載する,232090,"【クーポン利用で139,254円 9/11 23:59迄】EcoFlow ポータブル電源 ソーラーパネル セット DELTA 3 2000 Air 1,920W",https://hb.afl.rakuten.co.jp/hgc/g00tzcjo.958pg2b7.g00tzcjo.958ph5dd/?pc=https%3A%2F%2Fitem.rakuten.co.jp%2Fecoflow%2Fdelta-3-2000-air-220%2F&m=http%3A%2F%2Fm.rakuten.co.jp%2Fecoflow%2Fi%2F10000500%2F&rafcid=wsc_i_is_2fbb30e0-1140-4779-9d0c-327978269a7f
WARNING,bluettijapan:10000107,ポータブル電源,定格出力(W),商品名は1000、説明文は2000。商品名を採用,1000,掲載する,88000,"【在庫一掃 クーポン利用で39,600円】BLUETTI ポータブル電源 AC70 768Wh/1000W 大容量 家庭用 蓄電池 5年保証 リン酸鉄 長寿命 ",https://hb.afl.rakuten.co.jp/hgc/g00u57jo.958pg193.g00u57jo.958phfc5/?pc=https%3A%2F%2Fitem.rakuten.co.jp%2Fbluettijapan%2Fbluettijapan_ac70%2F&m=http%3A%2F%2Fm.rakuten.co.jp%2Fbluettijapan%2Fi%2F10000107%2F&rafcid=wsc_i_is_2fbb30e0-1140-4779-9d0c-327978269a7f
WARNING,heystop:10000216,ポータブル電源,定格出力(W),説明文に離れた値 1200/2000。他機種の併記の可能性があるため不明,,掲載する,71800,"【1,000円OFFクーポン利用で70,800円！2点セット ★1024Wh+200W★】FOSSiBOT ポータブル電源 1024Wh+ソーラーパネル200W",https://hb.afl.rakuten.co.jp/hgc/g00u0njo.958pg0c2.g00u0njo.958ph70a/?pc=https%3A%2F%2Fitem.rakuten.co.jp%2Fheystop%2Ff1200sp%2F&m=http%3A%2F%2Fm.rakuten.co.jp%2Fheystop%2Fi%2F10000216%2F&rafcid=wsc_i_is_2fbb30e0-1140-4779-9d0c-327978269a7f
WARNING,dabbsson:10000020,ポータブル電源,定格出力(W),説明文に離れた値 1200/1600/2000。他機種の併記の可能性があるため不明,,掲載する,98484,【 DBS1300 1330Wh 1200W＋120W】Dabbsson 1330Wh ポータブル電源 ソーラーパネル セット DBS1300+120W ダブソ,https://hb.afl.rakuten.co.jp/hgc/g00uk4uo.958pgeb9.g00uk4uo.958phb61/?pc=https%3A%2F%2Fitem.rakuten.co.jp%2Fdabbsson%2Fjpradbs1300-120s-b-jp001%2F&m=http%3A%2F%2Fm.rakuten.co.jp%2Fdabbsson%2Fi%2F10000020%2F&rafcid=wsc_i_is_2fbb30e0-1140-4779-9d0c-327978269a7f
WARNING,bluettijapan:10000093,ポータブル電源,定格出力(W),商品名は1800、説明文は2700。商品名を採用,1800,掲載する,109800,"【在庫一掃 クーポン利用で59,292円】BLUETTI ポータブル電源 AC180 1152Wh 1800W/AC180 セット 60分満充電 大容量 家庭用",https://hb.afl.rakuten.co.jp/hgc/g00u57jo.958pg193.g00u57jo.958phfc5/?pc=https%3A%2F%2Fitem.rakuten.co.jp%2Fbluettijapan%2Fbluettijapan_ac180%2F&m=http%3A%2F%2Fm.rakuten.co.jp%2Fbluettijapan%2Fi%2F10000093%2F&rafcid=wsc_i_is_2fbb30e0-1140-4779-9d0c-327978269a7f
WARNING,jackery-japan:10000185,ポータブル電源,定格出力(W),説明文に離れた値 2000/2200。他機種の併記の可能性があるため不明,,掲載する,286400,"【クーポン利用で166,112円 10/4 20:00から】Jackery Solar Generator 2000 New V2 サンドゴールド 2048Wh",https://hb.afl.rakuten.co.jp/hgc/g00tgroo.958pg933.g00tgroo.958phaa2/?pc=https%3A%2F%2Fitem.rakuten.co.jp%2Fjackery-japan%2F60-200020-jp00060%2F&m=http%3A%2F%2Fm.rakuten.co.jp%2Fjackery-japan%2Fi%2F10000185%2F&rafcid=wsc_i_is_2fbb30e0-1140-4779-9d0c-327978269a7f
WARNING,heystop:10000160,ポータブル電源,定格出力(W),説明文に離れた値 3300/3868。他機種の併記の可能性があるため不明,,掲載する,214990,"【1,000円OFFクーポン利用で213,990円！2点セット★3840Wh+420W★防災応援】楽天1位 ポータブル電源 リン酸鉄 420Wソーラーパネルセッ",https://hb.afl.rakuten.co.jp/hgc/g00u0njo.958pg0c2.g00u0njo.958ph70a/?pc=https%3A%2F%2Fitem.rakuten.co.jp%2Fheystop%2Ff3600-sp420%2F&m=http%3A%2F%2Fm.rakuten.co.jp%2Fheystop%2Fi%2F10000160%2F&rafcid=wsc_i_is_2fbb30e0-1140-4779-9d0c-327978269a7f
WARNING,bluettijapan:10000200,ポータブル電源,定格出力(W),商品名は2700、説明文は1800。商品名を採用,2700,掲載する,216600,"【クーポン利用で97,470円 10/3から】BLUETTI ポータブル電源 ソーラーパネル セット AORA 100 V2+220W コンパクト 1024Wh",https://hb.afl.rakuten.co.jp/hgc/g00u57jo.958pg193.g00u57jo.958phfc5/?pc=https%3A%2F%2Fitem.rakuten.co.jp%2Fbluettijapan%2Fbluettijapan_aora100v2_200w_eg%2F&m=http%3A%2F%2Fm.rakuten.co.jp%2Fbluettijapan%2Fi%2F10000200%2F&rafcid=wsc_i_is_2fbb30e0-1140-4779-9d0c-327978269a7f
WARNING,anker:10002336,ポータブル電源,定格出力(W),商品名は1550、説明文は1500。商品名を採用,1550,掲載する,129900,Anker Solix C1000 Gen 2 Portable Power Station ダークグレー 1024Wh ポータブル電源 世界最小クラス 世界最,https://hb.afl.rakuten.co.jp/hgc/g00rr09o.958pg8a2.g00rr09o.958ph6f6/?pc=https%3A%2F%2Fitem.rakuten.co.jp%2Fanker%2Fa1763%2F&m=http%3A%2F%2Fm.rakuten.co.jp%2Fanker%2Fi%2F10002336%2F&rafcid=wsc_i_is_2fbb30e0-1140-4779-9d0c-327978269a7f
WARNING,dabbsson:10000096,ポータブル電源,定格出力(W),商品名は2400、説明文は4800。商品名を採用,2400,掲載する,122170,【 ★大容量★2100Pro 2150Wh 2400W】Dabbsson 2150Wh ポータブル電源 DBS2100Pro EV用半固体リン酸鉄リチウム ダブ,https://hb.afl.rakuten.co.jp/hgc/g00uk4uo.958pgeb9.g00uk4uo.958phb61/?pc=https%3A%2F%2Fitem.rakuten.co.jp%2Fdabbsson%2Fjpradbs2100pro-210sc-b-jp001%2F&m=http%3A%2F%2Fm.rakuten.co.jp%2Fdabbsson%2Fi%2F10000096%2F&rafcid=wsc_i_is_2fbb30e0-1140-4779-9d0c-327978269a7f
WARNING,heystop:10000199,ポータブル電源,定格出力(W),商品名は7200、説明文は6000。商品名を採用,7200,掲載する,658980,"【在庫一掃 クーポンで568,980円&エントリーで最大P2】FOSSiBOTポータブル電源F7200 5222.4Wh リン酸鉄 7200W 安心の超大容量 ",https://hb.afl.rakuten.co.jp/hgc/g00u0njo.958pg0c2.g00u0njo.958ph70a/?pc=https%3A%2F%2Fitem.rakuten.co.jp%2Fheystop%2Ff800b%2F&m=http%3A%2F%2Fm.rakuten.co.jp%2Fheystop%2Fi%2F10000199%2F&rafcid=wsc_i_is_2fbb30e0-1140-4779-9d0c-327978269a7f
WARNING,dabbsson:10000093,ポータブル電源,定格出力(W),商品名は2400、説明文は4800。商品名を採用,2400,掲載する,122170,【★大容量★2100Pro 2150Wh 2400W】Dabbsson 2150Wh ポータブル電源 大容量&高出力 DBS2100Pro 2400W ポータブ,https://hb.afl.rakuten.co.jp/hgc/g00uk4uo.958pgeb9.g00uk4uo.958phb61/?pc=https%3A%2F%2Fitem.rakuten.co.jp%2Fdabbsson%2Fjpradbs2100pro-b-jp001%2F&m=http%3A%2F%2Fm.rakuten.co.jp%2Fdabbsson%2Fi%2F10000093%2F&rafcid=wsc_i_is_2fbb30e0-1140-4779-9d0c-327978269a7f
WARNING,dabbsson:10000008,ポータブル電源,定格出力(W),説明文に離れた値 1200/1600/2000。他機種の併記の可能性があるため不明,,掲載する,139000,Dabbsson ポータブル電源 DBS1300 1330Wh+容量拡張バッテリー1700Wh セット ダブソン半固体電池 リン酸鉄リチウム 並列接続 最大94,https://hb.afl.rakuten.co.jp/hgc/g00uk4uo.958pgeb9.g00uk4uo.958phb61/?pc=https%3A%2F%2Fitem.rakuten.co.jp%2Fdabbsson%2Fjpradbs1300-1700b-b-jp001%2F&m=http%3A%2F%2Fm.rakuten.co.jp%2Fdabbsson%2Fi%2F10000008%2F&rafcid=wsc_i_is_2fbb30e0-1140-4779-9d0c-327978269a7f
WARNING,bluettijapan:10000208,ポータブル電源,定格出力(W),商品名は2700、説明文は1800。商品名を採用,2700,掲載する,174300,"【クーポン利用で78,435円 10/3から】BLUETTI ポータブル電源 ソーラーパネル セット AORA 100 V2+100W コンパクト 1024Wh",https://hb.afl.rakuten.co.jp/hgc/g00u57jo.958pg193.g00u57jo.958phfc5/?pc=https%3A%2F%2Fitem.rakuten.co.jp%2Fbluettijapan%2Fbluettijapan_aora100v2_100w_eg%2F&m=http%3A%2F%2Fm.rakuten.co.jp%2Fbluettijapan%2Fi%2F10000208%2F&rafcid=wsc_i_is_2fbb30e0-1140-4779-9d0c-327978269a7f
WARNING,lovleopstore:10000055,ポータブル電源,定格出力(W),商品名は2000、説明文は2400。商品名を採用,2000,掲載する,132460,【P5倍+63%OFF】7年保証 aferiy Haven2400 ポータブル電源 2000W ソーラーパネル セット リン酸鉄 400W ソーラーパネル 24,https://hb.afl.rakuten.co.jp/hgc/g00u9v8o.958pg190.g00u9v8o.958pha70/?pc=https%3A%2F%2Fitem.rakuten.co.jp%2Flovleopstore%2Frk0013%2F&m=http%3A%2F%2Fm.rakuten.co.jp%2Flovleopstore%2Fi%2F10000055%2F&rafcid=wsc_i_is_2fbb30e0-1140-4779-9d0c-327978269a7f
WARNING,heystop:10000165,ポータブル電源,定格出力(W),説明文に離れた値 3300/3868。他機種の併記の可能性があるため不明,,掲載する,259000,"【1,000円OFFクーポン利用で258,000円！3点セット ★3840Wh+420W+420W】楽天1位 ポータブル電源 F3600Pro リン酸鉄 ソーラ",https://hb.afl.rakuten.co.jp/hgc/g00u0njo.958pg0c2.g00u0njo.958ph70a/?pc=https%3A%2F%2Fitem.rakuten.co.jp%2Fheystop%2Ff3600-sp420-2%2F&m=http%3A%2F%2Fm.rakuten.co.jp%2Fheystop%2Fi%2F10000165%2F&rafcid=wsc_i_is_2fbb30e0-1140-4779-9d0c-327978269a7f
WARNING,dabbsson:10000028,ポータブル電源,定格出力(W),説明文に離れた値 1200/1600/2000。他機種の併記の可能性があるため不明,,掲載する,113740,【 DBS1300 1330Wh 1200W＋210W】Dabbsson 1330Wh ポータブル電源 ダブソン ソーラーパネルセット DBS1300 1330,https://hb.afl.rakuten.co.jp/hgc/g00uk4uo.958pgeb9.g00uk4uo.958phb61/?pc=https%3A%2F%2Fitem.rakuten.co.jp%2Fdabbsson%2Fjpradbs1300-210s-b-jp001%2F&m=http%3A%2F%2Fm.rakuten.co.jp%2Fdabbsson%2Fi%2F10000028%2F&rafcid=wsc_i_is_2fbb30e0-1140-4779-9d0c-327978269a7f
WARNING,tansu:10057016,宅配ボックス,容量(L),商品名は75、説明文は96。商品名を採用,75,掲載する,14999,【4日20時~10%引クーポン】 楽天1位 完成品 ポスト 一体型 宅配ボックス 両開き 鍵付き 大容量 75L 完成品 宅配BOX 配達ボックス 置き配ボック,https://hb.afl.rakuten.co.jp/hgc/g00ppglo.958pgeb9.g00ppglo.958ph2d2/?pc=https%3A%2F%2Fitem.rakuten.co.jp%2Ftansu%2F17600167%2F&m=http%3A%2F%2Fm.rakuten.co.jp%2Ftansu%2Fi%2F10057016%2F&rafcid=wsc_i_is_2fbb30e0-1140-4779-9d0c-327978269a7f
WARNING,threeup:10001071,宅配ボックス,容量(L),商品名は95、説明文は25。商品名を採用,95,掲載する,14800,[レビューで延長保証]宅配ボックス 戸建て ポスト一体型 おしゃれ 大容量 95L 日本メーカー PS-T2522 1年保証 一戸建て用 マンション ポスト 2,https://hb.afl.rakuten.co.jp/hgc/g00uf1vo.958pg829.g00uf1vo.958phd7f/?pc=https%3A%2F%2Fitem.rakuten.co.jp%2Fthreeup%2Fpst2522%2F&m=http%3A%2F%2Fm.rakuten.co.jp%2Fthreeup%2Fi%2F10001071%2F&rafcid=wsc_i_is_2fbb30e0-1140-4779-9d0c-327978269a7f
WARNING,biken-concierge:10002551,宅配ボックス,容量(L),商品名は75、説明文は96/135/137。商品名を採用,75,掲載する,14999,【4日20時~クーポン5%引】 《完成品》 ポスト 一体型 宅配ボックス 左右変換OK コンパクト 鍵付き 大容量 75L 配達ボックス 置き配ボックス 戸建て,https://hb.afl.rakuten.co.jp/hgc/g00s0efo.958pg529.g00s0efo.958ph4bf/?pc=https%3A%2F%2Fitem.rakuten.co.jp%2Fbiken-concierge%2F17600167%2F&m=http%3A%2F%2Fm.rakuten.co.jp%2Fbiken-concierge%2Fi%2F10002551%2F&rafcid=wsc_i_is_2fbb30e0-1140-4779-9d0c-327978269a7f
WARNING,jackery-japan:10000181,ポータブル電源,容量(Wh),商品名は1070、説明文は1000。商品名を採用,1070,掲載する,154600,"【クーポン利用で92,760円 10/4 20:00から】Jackery Solar Generator 1000 New サンドゴールド 1070Wh 100",https://hb.afl.rakuten.co.jp/hgc/g00tgroo.958pg933.g00tgroo.958phaa2/?pc=https%3A%2F%2Fitem.rakuten.co.jp%2Fjackery-japan%2F60-010010-jp00018%2F&m=http%3A%2F%2Fm.rakuten.co.jp%2Fjackery-japan%2Fi%2F10000181%2F&rafcid=wsc_i_is_2fbb30e0-1140-4779-9d0c-327978269a7f
WARNING,jackery-japan:10000168,ポータブル電源,容量(Wh),商品名は1070、説明文は1000。商品名を採用,1070,掲載する,189900,"【クーポン利用で113,940円 10/4 20:00から】Jackery Solar Generator 1000 New 1070Wh 200W ポータブル",https://hb.afl.rakuten.co.jp/hgc/g00tgroo.958pg933.g00tgroo.958phaa2/?pc=https%3A%2F%2Fitem.rakuten.co.jp%2Fjackery-japan%2F60-0820-jpb1d1%2F&m=http%3A%2F%2Fm.rakuten.co.jp%2Fjackery-japan%2Fi%2F10000168%2F&rafcid=wsc_i_is_2fbb30e0-1140-4779-9d0c-327978269a7f
WARNING,ecoflow:10000328,ポータブル電源,容量(Wh),商品名は1536、説明文は536/1000。商品名を採用,1536,掲載する,196020,"【クーポン利用で83,990円 10/1~】EcoFlow ポータブル電源 DELTA 3 1500 1536Wh 90分で満充電 3000回サイクル 長寿命 ",https://hb.afl.rakuten.co.jp/hgc/g00tzcjo.958pg2b7.g00tzcjo.958ph5dd/?pc=https%3A%2F%2Fitem.rakuten.co.jp%2Fecoflow%2Fefdelta31500%2F&m=http%3A%2F%2Fm.rakuten.co.jp%2Fecoflow%2Fi%2F10000328%2F&rafcid=wsc_i_is_2fbb30e0-1140-4779-9d0c-327978269a7f
WARNING,apricot-r:10012090,宅配ボックス,重量(kg),説明文に離れた値 20/22。他機種の併記の可能性があるため不明,,掲載する,31980,【LINE追加300円クーポン】宅配ボックス 一戸建て用 ポスト 一体型 自宅用 ダイヤル錠 ポスト付き 置き型ポスト 郵便 スタンドタイプ 大容量 鍵付 北欧,https://hb.afl.rakuten.co.jp/hgc/g00qonso.958pg0c5.g00qonso.958pha8a/?pc=https%3A%2F%2Fitem.rakuten.co.jp%2Fapricot-r%2F73-7880%2F&m=http%3A%2F%2Fm.rakuten.co.jp%2Fapricot-r%2Fi%2F10012090%2F&rafcid=wsc_i_is_2fbb30e0-1140-4779-9d0c-327978269a7f
WARNING,heystop:10000216,ポータブル電源,重量(kg),説明文に離れた値 9.2/11.5。他機種の併記の可能性があるため不明,,掲載する,71800,"【1,000円OFFクーポン利用で70,800円！2点セット ★1024Wh+200W★】FOSSiBOT ポータブル電源 1024Wh+ソーラーパネル200W",https://hb.afl.rakuten.co.jp/hgc/g00u0njo.958pg0c2.g00u0njo.958ph70a/?pc=https%3A%2F%2Fitem.rakuten.co.jp%2Fheystop%2Ff1200sp%2F&m=http%3A%2F%2Fm.rakuten.co.jp%2Fheystop%2Fi%2F10000216%2F&rafcid=wsc_i_is_2fbb30e0-1140-4779-9d0c-327978269a7f
WARNING,anker:10002137,ポータブル電源,重量(kg),説明文に離れた値 2.8/5.9。他機種の併記の可能性があるため不明,,掲載する,64990,Anker Solix C300 Portable Power Station with Anker Solix PS60 Compact Portable S,https://hb.afl.rakuten.co.jp/hgc/g00rr09o.958pg8a2.g00rr09o.958ph6f6/?pc=https%3A%2F%2Fitem.rakuten.co.jp%2Fanker%2Fb1722%2F&m=http%3A%2F%2Fm.rakuten.co.jp%2Fanker%2Fi%2F10002137%2F&rafcid=wsc_i_is_2fbb30e0-1140-4779-9d0c-327978269a7f
WARNING,tmprime:10000175,宅配ボックス,重量(kg),説明文に離れた値 14.7/50。他機種の併記の可能性があるため不明,,掲載する,29000,【5年保証】【レビュー特典付き】 宅配ボックス 一戸建て用 大容量 おしゃれ KUTUROGI 特大 屋外 ベンチ 個人宅 アパート 大型 宅配BOX / KU,https://hb.afl.rakuten.co.jp/hgc/g00s92co.958pg37c.g00s92co.958pha03/?pc=https%3A%2F%2Fitem.rakuten.co.jp%2Ftmprime%2Fwkut%2F&m=http%3A%2F%2Fm.rakuten.co.jp%2Ftmprime%2Fi%2F10000175%2F&rafcid=wsc_i_is_2fbb30e0-1140-4779-9d0c-327978269a7f
WARNING,tansu:10057016,宅配ボックス,重量(kg),説明文に離れた値 10/40。他機種の併記の可能性があるため不明,,掲載する,14999,【4日20時~10%引クーポン】 楽天1位 完成品 ポスト 一体型 宅配ボックス 両開き 鍵付き 大容量 75L 完成品 宅配BOX 配達ボックス 置き配ボック,https://hb.afl.rakuten.co.jp/hgc/g00ppglo.958pgeb9.g00ppglo.958ph2d2/?pc=https%3A%2F%2Fitem.rakuten.co.jp%2Ftansu%2F17600167%2F&m=http%3A%2F%2Fm.rakuten.co.jp%2Ftansu%2Fi%2F10057016%2F&rafcid=wsc_i_is_2fbb30e0-1140-4779-9d0c-327978269a7f
WARNING,e-techpowershop:10000008,ポータブル電源,重量(kg),説明文に離れた値 1.3/22。他機種の併記の可能性があるため不明,,掲載する,119900,楽天61冠 EENOUR LPガス/ガソリン両用 発電機 イーノウ インバーター 防災 DK3000iSDF 最大3000W 家庭用 災害 プロパンガス キッチ,https://hb.afl.rakuten.co.jp/hgc/g00umo0o.958pge63.g00umo0o.958phfab/?pc=https%3A%2F%2Fitem.rakuten.co.jp%2Fe-techpowershop%2F1800916002%2F&m=http%3A%2F%2Fm.rakuten.co.jp%2Fe-techpowershop%2Fi%2F10000008%2F&rafcid=wsc_i_is_2fbb30e0-1140-4779-9d0c-327978269a7f
WARNING,heystop:10000163,ポータブル電源,重量(kg),説明文に離れた値 14/22。他機種の併記の可能性があるため不明,,掲載する,145900,"【1,000円OFFクーポン利用で144,900円！★2048Wh+420W+台車★】楽天1位5部門受賞 ポータブル電源 ソーラーパネルセット リン酸鉄 420",https://hb.afl.rakuten.co.jp/hgc/g00u0njo.958pg0c2.g00u0njo.958ph70a/?pc=https%3A%2F%2Fitem.rakuten.co.jp%2Fheystop%2Ff2400-sp420%2F&m=http%3A%2F%2Fm.rakuten.co.jp%2Fheystop%2Fi%2F10000163%2F&rafcid=wsc_i_is_2fbb30e0-1140-4779-9d0c-327978269a7f
WARNING,togopower:10000084,ポータブル電源,重量(kg),説明文に離れた値 7.3/8.6。他機種の併記の可能性があるため不明,,掲載する,100288,"【＼ご愛顧感謝デー／40%OFF期間限定価格100,288円】 BALDR 1000W リン酸鉄 ポータブル電源 ソーラーパネル セット 瞬間最大2000W 大",https://hb.afl.rakuten.co.jp/hgc/g00tzzto.958pg04c.g00tzzto.958phacc/?pc=https%3A%2F%2Fitem.rakuten.co.jp%2Ftogopower%2Fbaldr-1000lf-tsp-120f%2F&m=http%3A%2F%2Fm.rakuten.co.jp%2Ftogopower%2Fi%2F10000084%2F&rafcid=wsc_i_is_2fbb30e0-1140-4779-9d0c-327978269a7f
WARNING,e-techpowershop:10000009,ポータブル電源,重量(kg),説明文に離れた値 1.2/27。他機種の併記の可能性があるため不明,,掲載する,179900,EENOUR LPガス/ガソリン両用 発電機 DK4000iEDF イーノウ インバーター 3500W 静音 LPガス発電機 ガソリン リモコン／キャスター付 ,https://hb.afl.rakuten.co.jp/hgc/g00umo0o.958pge63.g00umo0o.958phfab/?pc=https%3A%2F%2Fitem.rakuten.co.jp%2Fe-techpowershop%2F1800428002%2F&m=http%3A%2F%2Fm.rakuten.co.jp%2Fe-techpowershop%2Fi%2F10000009%2F&rafcid=wsc_i_is_2fbb30e0-1140-4779-9d0c-327978269a7f
WARNING,e-techpowershop:10000150,ポータブル電源,重量(kg),説明文に離れた値 11.7/14.3。他機種の併記の可能性があるため不明,,掲載する,74980,最新型アプリ対応・急速充電 EENOUR イーノウ P1500PLUS ポータブル電源1536Wh 1800W LEDライト リン酸鉄大容量 UPS機能 ポータ,https://hb.afl.rakuten.co.jp/hgc/g00umo0o.958pge63.g00umo0o.958phfab/?pc=https%3A%2F%2Fitem.rakuten.co.jp%2Fe-techpowershop%2F1810303001%2F&m=http%3A%2F%2Fm.rakuten.co.jp%2Fe-techpowershop%2Fi%2F10000150%2F&rafcid=wsc_i_is_2fbb30e0-1140-4779-9d0c-327978269a7f
WARNING,os-parts:10001442,ポータブル電源,重量(kg),説明文に離れた値 18.7/21。他機種の併記の可能性があるため不明,,掲載する,46980,限定ポイントUP 【仕様改善】災害に備え 発電機 インバーター 発電機 最大出力3500W ガソリン発電機 家庭用発電機 非常用電源 ポータブル発電機 ポータブ,https://hb.afl.rakuten.co.jp/hgc/g00tmuxo.958pg021.g00tmuxo.958ph79f/?pc=https%3A%2F%2Fitem.rakuten.co.jp%2Fos-parts%2Fsprung-261%2F&m=http%3A%2F%2Fm.rakuten.co.jp%2Fos-parts%2Fi%2F10001442%2F&rafcid=wsc_i_is_2fbb30e0-1140-4779-9d0c-327978269a7f
WARNING,hikari-ya:10572008,ポータブル電源,重量(kg),説明文に離れた値 5.2/6.3。他機種の併記の可能性があるため不明,,掲載する,64800,"[10/6まで クーポンで45,900円]アップグレード版【バッグ贈呈+180000mAh/576Wポータブル電源+120Wアメリカ産単結晶ソーラーパネルセット",https://hb.afl.rakuten.co.jp/hgc/g00r55so.958pg94f.g00r55so.958ph586/?pc=https%3A%2F%2Fitem.rakuten.co.jp%2Fhikari-ya%2Fppsset%2F&m=http%3A%2F%2Fm.rakuten.co.jp%2Fhikari-ya%2Fi%2F10572008%2F&rafcid=wsc_i_is_2fbb30e0-1140-4779-9d0c-327978269a7f
WARNING,biken-concierge:10002551,宅配ボックス,重量(kg),説明文に離れた値 10/40。他機種の併記の可能性があるため不明,,掲載する,14999,【4日20時~クーポン5%引】 《完成品》 ポスト 一体型 宅配ボックス 左右変換OK コンパクト 鍵付き 大容量 75L 配達ボックス 置き配ボックス 戸建て,https://hb.afl.rakuten.co.jp/hgc/g00s0efo.958pg529.g00s0efo.958ph4bf/?pc=https%3A%2F%2Fitem.rakuten.co.jp%2Fbiken-concierge%2F17600167%2F&m=http%3A%2F%2Fm.rakuten.co.jp%2Fbiken-concierge%2Fi%2F10002551%2F&rafcid=wsc_i_is_2fbb30e0-1140-4779-9d0c-327978269a7f
WARNING,tansu:10057137,宅配ボックス,重量(kg),説明文に離れた値 18/19。他機種の併記の可能性があるため不明,,掲載する,17999,【4日20時~5%引クーポン】 《新開発》押し込み式 宅配ボックス ポスト 一体型 複数投函 OK 大容量 134L 135L 鍵付き 脚付 一戸建て用 戸建て,https://hb.afl.rakuten.co.jp/hgc/g00ppglo.958pgeb9.g00ppglo.958ph2d2/?pc=https%3A%2F%2Fitem.rakuten.co.jp%2Ftansu%2F17600169%2F&m=http%3A%2F%2Fm.rakuten.co.jp%2Ftansu%2Fi%2F10057137%2F&rafcid=wsc_i_is_2fbb30e0-1140-4779-9d0c-327978269a7f
WARNING,fi-mint:10019691,宅配ボックス,重量(kg),説明文に離れた値 15.8/19.9。他機種の併記の可能性があるため不明,,掲載する,20990,宅配ボックス 宅配BOX 郵便ポスト 置き配 印鑑 一戸建て用 大型 大容量 防水 防サビ 盗難防止 ゼロリターンキー ポスト 一体型 モダン 北欧 おしゃれ ,https://hb.afl.rakuten.co.jp/hgc/g00ryilo.958pg3ae.g00ryilo.958ph06f/?pc=https%3A%2F%2Fitem.rakuten.co.jp%2Ffi-mint%2Fmsn%2F&m=http%3A%2F%2Fm.rakuten.co.jp%2Ffi-mint%2Fi%2F10019691%2F&rafcid=wsc_i_is_2fbb30e0-1140-4779-9d0c-327978269a7f
WARNING,livingut:10111084,宅配ボックス,重量(kg),説明文に離れた値 19/30。他機種の併記の可能性があるため不明,,掲載する,34800,《期間限定キャンペーン》 郵便ポスト 宅配ボックス 一戸建て用 大容量 3段 リシム （ 宅配BOX 戸建 屋外 ポスト メール便 宅配便 ポスト一体型 木目 ,https://hb.afl.rakuten.co.jp/hgc/g00q728o.958pge6d.g00q728o.958phf7b/?pc=https%3A%2F%2Fitem.rakuten.co.jp%2Flivingut%2F306269%2F&m=http%3A%2F%2Fm.rakuten.co.jp%2Flivingut%2Fi%2F10111084%2F&rafcid=wsc_i_is_2fbb30e0-1140-4779-9d0c-327978269a7f
WARNING,e-techpowershop:10000151,ポータブル電源,重量(kg),説明文に離れた値 11.7/14.3。他機種の併記の可能性があるため不明,,掲載する,89900,【9/18限定エントリーでP4倍】2点/3点セット 最新型・アプリ対応・急速充電 EENOUR イーノウ P1500PLUS ポータブル電源 1536Wh 18,https://hb.afl.rakuten.co.jp/hgc/g00umo0o.958pge63.g00umo0o.958phfab/?pc=https%3A%2F%2Fitem.rakuten.co.jp%2Fe-techpowershop%2Fset-1810303001%2F&m=http%3A%2F%2Fm.rakuten.co.jp%2Fe-techpowershop%2Fi%2F10000151%2F&rafcid=wsc_i_is_2fbb30e0-1140-4779-9d0c-327978269a7f
